Designator,Val,Package,Mid X,Mid Y,Rotation,Layer
BZ601,Buzzer,XDCR_SMT-0927-S-HT-R_handsolder,39.81,-0.275,-90.0,top
C301,47u,C_1206_3216Metric_Pad1.33x1.80mm_HandSolder,37.228,27.32931,-90.0,top
C302,100n,C_0805_2012Metric_Pad1.18x1.45mm_HandSolder,44.7275,29.4225,90.0,top
C303,10u,C_0805_2012Metric_Pad1.18x1.45mm_HandSolder,42.018,20.9675,-90.0,top
C304,18p,C_0805_2012Metric_Pad1.18x1.45mm_HandSolder,48.8875,22.225,0.0,top
C305,390p,C_0805_2012Metric_Pad1.18x1.45mm_HandSolder,44.808,18.08931,180.0,top
C306,10u,C_0805_2012Metric_Pad1.18x1.45mm_HandSolder,43.38,42.69,90.0,top
C307,100n,C_0805_2012Metric_Pad1.18x1.45mm_HandSolder,34.25,17.71,-90.0,top
C308,100n,C_0805_2012Metric_Pad1.18x1.45mm_HandSolder,39.538,26.66,-90.0,top
C309,10u,C_0805_2012Metric_Pad1.18x1.45mm_HandSolder,49.21,41.67,0.0,top
C310,22u,C_0805_2012Metric_Pad1.18x1.45mm_HandSolder,47.7175,25.8875,-90.0,top
C311,22u,C_0805_2012Metric_Pad1.18x1.45mm_HandSolder,49.82,25.9,-90.0,top
C401,22u,C_0805_2012Metric_Pad1.18x1.45mm_HandSolder,68.1893,0.8569,90.0,top
C402,100n,C_0805_2012Metric_Pad1.18x1.45mm_HandSolder,66.2081,0.8569,90.0,top
C403,100n,C_0805_2012Metric_Pad1.18x1.45mm_HandSolder,70.1705,0.8569,90.0,top
C404,100n,C_0805_2012Metric_Pad1.18x1.45mm_HandSolder,66.1827,-2.9277,90.0,top
C405,22u,C_0805_2012Metric_Pad1.18x1.45mm_HandSolder,68.17,-2.92,90.0,top
C406,100n,C_0805_2012Metric_Pad1.18x1.45mm_HandSolder,51.3443,-4.105,180.0,top
C407,100n,C_0805_2012Metric_Pad1.18x1.45mm_HandSolder,51.3943,-1.805,180.0,top
C501,22u,C_0805_2012Metric_Pad1.18x1.45mm_HandSolder,51.59,18.19,180.0,top
C502,100n,C_0805_2012Metric_Pad1.18x1.45mm_HandSolder,51.53,15.32,-90.0,top
D301,SMF6.0CA,D_SOD-123F,32.14,45.6825,90.0,top
D302,SS14,D_SMA,39.19,44.4325,90.0,top
D303,LED,LED_0805_2012Metric_Pad1.15x1.40mm_HandSolder,25.575,55.025,180.0,top
D304,LED,LED_0805_2012Metric_Pad1.15x1.40mm_HandSolder,25.525,53.025,180.0,top
D305,1N4148,D_SOD-323_HandSoldering,68.43,46.13,0.0,top
D306,1N4148,D_SOD-323_HandSoldering,66.53,38.63,0.0,top
D307,LED,LED_0805_2012Metric_Pad1.15x1.40mm_HandSolder,25.575,57.1,180.0,top
D601,D,D_SOD-123,44.71,12.24,180.0,top
J201,M20-8770842,PinHeader_1x08_P2.54mm_Vertical_SMD_Pin1Right_handsolder_reverse,77.0086,21.393,90.0,top
J202,M20-8770642,PinHeader_1x06_P2.54mm_Vertical_SMD_Pin1Right_handsolder_reverse,77.0086,1.0984,270.0,top
J203,M20-8771042,PinHeader_1x10_P2.54mm_Vertical_SMD_Pin1Right_handsolder_reversed,28.7232,28.0478,270.0,top
J204,M20-8770842,PinHeader_1x08_P2.54mm_Vertical_SMD_Pin1Right_handsolder_reverse,28.7232,3.613,270.0,top
J301,USB_C_Receptacle_PowerOnly_6P,USB_C_Receptacle_HRO_TYPE-C-31-M-17,26.575,46.725,-90.0,top
J302,USB_TP,PinHeader_1x02_P2.54mm_Vertical,35.49,44.845,180.0,top
J303,JST S2B-PH-SM4-TB(LF)(SN),JST_PH_S2B-PH-SM4-TB_1x02-1MP_P2.00mm_Horizontal,36.87,53.03,180.0,top
J401,7712P0225A25LF (Or 7312P0225A13LF),AMPHENOL_7312P0225A13LF_smrt2_combo_handsolder,54.565,-25.95,0.0,top
J501,SFV12R-2STE1HLF,AMPHENOL_SFV12R-2STE1HLF_handsolder,56.97,20.5005,180.0,top
L301,1uH,L_1210_3225Metric_Pad1.42x2.65mm_HandSolder,42.118,27.3275,-90.0,top
Q301,AO3401A,SOT-23,46.42,37.5,270.0,top
Q302,2N7002,SOT-23,34.9,36.12,270.0,top
Q303,AO3401A,SOT-23,38.47,33.63,180.0,top
Q304,SS8050,SOT-23,66.05,22.6175,270.0,top
Q305,NPN,SOT-89-3_Handsoldering,76.94,46.24,0.0,top
Q306,AO3401A,SOT-23,65.23,26.47,90.0,top
Q307,2N7002,SOT-23,69.6725,31.525,180.0,top
Q601,NPN,SOT-89-3_Handsoldering,38.6,9.85,0.0,top
R301,5.1k,R_0805_2012Metric_Pad1.20x1.40mm_HandSolder,35.12,39.92,-90.0,top
R302,5.1k,R_0805_2012Metric_Pad1.20x1.40mm_HandSolder,33.17,39.92,-90.0,top
R303,100k,R_0805_2012Metric_Pad1.20x1.40mm_HandSolder,43.72,37.54,90.0,top
R304,10k,R_0805_2012Metric_Pad1.20x1.40mm_HandSolder,34.91,32.34,90.0,top
R305,100k,R_0805_2012Metric_Pad1.20x1.40mm_HandSolder,46.38,34.38,180.0,top
R306,24k,R_0805_2012Metric_Pad1.20x1.40mm_HandSolder,47.8375,19.325,-90.0,top
R307,10k,R_0805_2012Metric_Pad1.20x1.40mm_HandSolder,38.47,36.32,180.0,top
R308,180k,R_0805_2012Metric_Pad1.20x1.40mm_HandSolder,46.72,29.83,90.0,top
R309,100k,R_0805_2012Metric_Pad1.20x1.40mm_HandSolder,36.31,21.57,90.0,top
R310,150k,R_0805_2012Metric_Pad1.20x1.40mm_HandSolder,36.3,17.72,90.0,top
R311,1k,R_0805_2012Metric_Pad1.20x1.40mm_HandSolder,44.69,55.03,0.0,top
R312,1k,R_0805_2012Metric_Pad1.20x1.40mm_HandSolder,44.69,53.03,0.0,top
R313,100k,R_0805_2012Metric_Pad1.20x1.40mm_HandSolder,34.22,21.57,-90.0,top
R314,2k,R_0805_2012Metric_Pad1.20x1.40mm_HandSolder,43.87,46.43,-90.0,top
R315,3.9k,R_0805_2012Metric_Pad1.20x1.40mm_HandSolder,41.91,46.44,-90.0,top
R316,330k,R_0805_2012Metric_Pad1.20x1.40mm_HandSolder,45.9375,20.925,90.0,top
R317,82k,R_0805_2012Metric_Pad1.20x1.40mm_HandSolder,44.0075,20.925,-90.0,top
R318,120k,R_0805_2012Metric_Pad1.20x1.40mm_HandSolder,41.8375,23.825,0.0,top
R319,100k,R_0805_2012Metric_Pad1.20x1.40mm_HandSolder,69.83,21.2,0.0,top
R320,10k,R_0805_2012Metric_Pad1.20x1.40mm_HandSolder,66.02,19.06,0.0,top
R321,10k,R_0805_2012Metric_Pad1.20x1.40mm_HandSolder,78.74,42.24,0.0,top
R322,10k,R_0805_2012Metric_Pad1.20x1.40mm_HandSolder,64.01,47.51,180.0,top
R323,100k,R_0805_2012Metric_Pad1.20x1.40mm_HandSolder,75.24,50.24,180.0,top
R324,10k,R_0805_2012Metric_Pad1.20x1.40mm_HandSolder,68.43,48.53,0.0,top
R325,100k,R_0805_2012Metric_Pad1.20x1.40mm_HandSolder,69.83,23.22,0.0,top
R326,10k,R_0805_2012Metric_Pad1.20x1.40mm_HandSolder,69.645,36.165,0.0,top
R327,1k,R_0805_2012Metric_Pad1.20x1.40mm_HandSolder,67.83,41.63,90.0,top
R328,100k,R_0805_2012Metric_Pad1.20x1.40mm_HandSolder,62.53,39.13,90.0,top
R329,100k,R_0805_2012Metric_Pad1.20x1.40mm_HandSolder,69.645,34.205,180.0,top
R330,100,R_0805_2012Metric_Pad1.20x1.40mm_HandSolder,62.53,43.13,-90.0,top
R331,10k,R_0805_2012Metric_Pad1.20x1.40mm_HandSolder,69.495,28.855,0.0,top
R332,1k,R_0805_2012Metric_Pad1.20x1.40mm_HandSolder,44.59,57.03,0.0,top
R401,200R,R_0805_2012Metric_Pad1.20x1.40mm_HandSolder,68.8,4.6,90.0,top
R402,200R,R_0805_2012Metric_Pad1.20x1.40mm_HandSolder,71.43,5.84,90.0,top
R403,22R,R_0805_2012Metric_Pad1.20x1.40mm_HandSolder,47.3443,-3.205,90.0,top
R404,10k,R_0805_2012Metric_Pad1.20x1.40mm_HandSolder,48.02,0.68,-90.0,top
R405,10k,R_0805_2012Metric_Pad1.20x1.40mm_HandSolder,50.1443,2.595,90.0,top
R406,24k,R_0805_2012Metric_Pad1.20x1.40mm_HandSolder,66.89,4.62,-90.0,top
R407,10k,R_0805_2012Metric_Pad1.20x1.40mm_HandSolder,70.19,-2.92,-90.0,top
R408,10k,R_0805_2012Metric_Pad1.20x1.40mm_HandSolder,52.14,2.6,90.0,top
R501,200R,R_0805_2012Metric_Pad1.20x1.40mm_HandSolder,53.49,15.32,90.0,top
R502,10k,R_0805_2012Metric_Pad1.20x1.40mm_HandSolder,62.04,18.18,180.0,top
R503,10k,R_0805_2012Metric_Pad1.20x1.40mm_HandSolder,59.24,15.33,90.0,top
R504,10k,R_0805_2012Metric_Pad1.20x1.40mm_HandSolder,55.39,15.33,90.0,top
R505,200R,R_0805_2012Metric_Pad1.20x1.40mm_HandSolder,57.31,15.33,90.0,top
R601,1k,R_0805_2012Metric_Pad1.20x1.40mm_HandSolder,61.15,15.36,-90.0,top
R602,1k,R_0805_2012Metric_Pad1.20x1.40mm_HandSolder,39.57,6.34,0.0,top
R603,4.7k,R_0805_2012Metric_Pad1.20x1.40mm_HandSolder,43.34,9.17,-90.0,top
SW301,SW_Push,SW_SPST_SKQG_WithStem,77.44,37.69,180.0,top
SW302,SW_Push,SW_SPST_SKQG_WithStem,77.44,54.84,0.0,top
U301,TPS61089RNRR,Texas_VQFN-RNR0011A-11,45.1875,25.78,90.0,top
U302,TP4056-42-ESOP8,SOIC-8-1EP_3.9x4.9mm_P1.27mm_EP2.41x3.3mm_ThermalVias,48.54,45.6925,270.0,top
U401,ST8034ATDT,SO-16_STM_handsolder,59.3,0.3,0.0,top
